<application>
  <component name="ProjectManager">
    <defaultProject>
      <component name="ProjectInspectionProfilesVisibleTreeState">
        <entry key="Project Default">
          <profile-state>
            <expanded-state>
              <State />
              <State>
                <id>Android Lint: Correctness</id>
              </State>
              <State>
                <id>Compose preview</id>
              </State>
              <State>
                <id>Java</id>
              </State>
              <State>
                <id>Probable bugsJava</id>
              </State>
            </expanded-state>
            <selected-state>
              <State>
                <id>Android</id>
              </State>
            </selected-state>
          </profile-state>
        </entry>
      </component>
      <component name="ProjectViewState">
        <option name="showLibraryContents" value="true" />
      </component>
      <component name="PropertiesComponent">{
  &quot;keyToString&quot;: {
    &quot;settings.editor.selected.configurable&quot;: &quot;editor.preferences.fonts.default&quot;
  }
}</component>
      <component name="WindowStateProjectService">
        <state x="924" y="387" width="1299" height="712" key="SettingsEditor" timestamp="1696701458234">
          <screen x="0" y="25" width="3008" height="1667" />
        </state>
        <state x="924" y="387" key="SettingsEditor/-1512.344.1512.944/3008.-705.1080.2535/0.25.3008.1667" timestamp="1696701458234" />
        <state x="811" y="129" width="1299" height="712" key="SettingsEditor/-1512.624.1512.944/2560.-640.1080.2535/0.25.2560.1055" timestamp="1694152135088" />
      </component>
    </defaultProject>
  </component>
</application>